Equipo,Dorsal,Nombre,Posición,Estatura,Peso,Clase,Jornada_1_Puntos,Jornada_1_Dividendo_$,Jornada_2_Puntos,Jornada_2_Dividendo_$,Jornada_3_Puntos,Jornada_3_Dividendo_$,Jornada_4_Puntos,Jornada_4_Dividendo_$,Jornada_5_Puntos,Jornada_5_Dividendo_$,Dividendos_Acumulados_$
BYU Cougars,,Bear Bachmeier47,QB,"6' 2""",230 lbs,SO,0,0.0,6,0.72,24,2.88,2,0.24,12,1.44,5.279999999999999
BYU Cougars,,Treyson Bourguet10,QB,"6' 2""",210 lbs,SR,2,0.24,12,1.44,2,0.24,6,0.72,6,0.72,3.3599999999999994
BYU Cougars,,Owen Geilman16,QB,"6' 4""",220 lbs,FR,0,0.0,12,1.44,0,0.0,6,0.72,0,0.0,2.16
BYU Cougars,,John Sanders15,QB,"6' 0""",190 lbs,SO,2,0.24,0,0.0,0,0.0,12,1.44,12,1.44,3.12
BYU Cougars,,Enoch Watson17,QB,"6' 3""",215 lbs,FR,6,0.72,6,0.72,0,0.0,2,0.24,0,0.0,1.68
BYU Cougars,,Micah Beckstead42,RB,"5' 10""",238 lbs,FR,0,0.0,0,0.0,0,0.0,0,0.0,0,0.0,0.0
BYU Cougars,,Jovesa Damuni28,RB,"6' 0""",195 lbs,SO,0,0.0,0,0.0,2,0.24,0,0.0,0,0.0,0.24
BYU Cougars,,Devaughn Eka25,RB,"5' 11""",195 lbs,FR,12,1.44,6,0.72,2,0.24,2,0.24,0,0.0,2.6400000000000006
BYU Cougars,,Lucky Finau41,RB,"5' 11""",220 lbs,JR,6,0.72,0,0.0,2,0.24,18,2.16,2,0.24,3.3600000000000003
BYU Cougars,,LJ Martin4,RB,"6' 2""",225 lbs,SR,18,2.16,0,0.0,0,0.0,0,0.0,12,1.44,3.6
BYU Cougars,,Charlie Miska34,RB,"5' 11""",215 lbs,SO,2,0.24,2,0.24,0,0.0,0,0.0,0,0.0,0.48
BYU Cougars,,Sione Moa30,RB,"5' 10""",220 lbs,SO,0,0.0,0,0.0,6,0.72,0,0.0,2,0.24,0.96
BYU Cougars,,Logan Payne38,RB,"5' 10""",210 lbs,FR,0,0.0,2,0.24,12,1.44,2,0.24,0,0.0,1.92
BYU Cougars,,Preston Rex12,RB,"6' 0""",200 lbs,SR,18,2.16,6,0.72,0,0.0,2,0.24,0,0.0,3.12
BYU Cougars,,Journee Tonga20,RB,"5' 8""",198 lbs,FR,12,1.44,6,0.72,0,0.0,6,0.72,18,2.16,5.04
BYU Cougars,,Tiger Bachmeier19,WR,"6' 1""",190 lbs,SR,0,0.0,2,0.24,2,0.24,0,0.0,0,0.0,0.48
BYU Cougars,,Jared Esplin33,WR,"6' 1""",195 lbs,FR,2,0.24,2,0.24,6,0.72,2,0.24,2,0.24,1.68
BYU Cougars,,Reggie Frischknecht18,WR,"6' 4""",207 lbs,SO,2,0.24,0,0.0,6,0.72,0,0.0,24,2.88,3.84
BYU Cougars,,Legend Glasker1,WR,"6' 1""",175 lbs,FR,2,0.24,18,2.16,2,0.24,2,0.24,6,0.72,3.6000000000000005
BYU Cougars,,Fisher Ingersoll26,WR,"6' 2""",195 lbs,SR,6,0.72,6,0.72,6,0.72,2,0.24,18,2.16,4.5600000000000005
BYU Cougars,,Kyler Kasper3,WR,"6' 6""",212 lbs,JR,0,0.0,0,0.0,18,2.16,2,0.24,2,0.24,2.6400000000000006
BYU Cougars,,Kila Keone84,WR,"6' 4""",185 lbs,FR,0,0.0,0,0.0,0,0.0,6,0.72,18,2.16,2.88
BYU Cougars,,Tei Nacua0,WR,"6' 2""",190 lbs,SO,2,0.24,18,2.16,6,0.72,2,0.24,0,0.0,3.3600000000000003
BYU Cougars,,Jett Nelson89,WR,"6' 4""",212 lbs,FR,0,0.0,0,0.0,2,0.24,6,0.72,0,0.0,0.96
BYU Cougars,,Jojo Phillips13,WR,"6' 5""",205 lbs,JR,0,0.0,2,0.24,0,0.0,6,0.72,18,2.16,3.12
BYU Cougars,,Jaron Pula5,WR,"6' 3""",200 lbs,FR,0,0.0,0,0.0,0,0.0,24,2.88,2,0.24,3.12
BYU Cougars,,Trey Roberts22,WR,"6' 1""",195 lbs,FR,6,0.72,0,0.0,0,0.0,12,1.44,18,2.16,4.32
BYU Cougars,,Terrance Saryon23,WR,"5' 11""",170 lbs,FR,6,0.72,18,2.16,6,0.72,24,2.88,12,1.44,7.92
BYU Cougars,,Asher Young21,WR,"6' 3""",205 lbs,FR,2,0.24,0,0.0,18,2.16,2,0.24,12,1.44,4.08
BYU Cougars,,Josh Davis44,TE,"6' 4""",240 lbs,FR,6,0.72,12,1.44,0,0.0,2,0.24,2,0.24,2.6400000000000006
BYU Cougars,,Matthew Fredrick87,TE,"6' 5""",242 lbs,FR,6,0.72,12,1.44,12,1.44,18,2.16,0,0.0,5.76
BYU Cougars,,Walker Lyons7,TE,"6' 4""",245 lbs,JR,6,0.72,0,0.0,2,0.24,2,0.24,12,1.44,2.6399999999999997
BYU Cougars,,Noah Moeaki82,TE,"6' 3""",245 lbs,SO,0,0.0,0,0.0,2,0.24,0,0.0,0,0.0,0.24
BYU Cougars,,Keayen Nead45,TE,"6' 5""",260 lbs,SR,12,1.44,12,1.44,2,0.24,0,0.0,0,0.0,3.12
BYU Cougars,,Jacob Nye80,TE,"6' 5""",245 lbs,FR,18,2.16,0,0.0,12,1.44,6,0.72,6,0.72,5.04
BYU Cougars,,Roger Saleapaga II2,TE,"6' 4""",235 lbs,JR,0,0.0,6,0.72,6,0.72,2,0.24,6,0.72,2.4
BYU Cougars,,Ethan Wood24,TE,"6' 5""",250 lbs,JR,6,0.72,12,1.44,0,0.0,2,0.24,2,0.24,2.6400000000000006
BYU Cougars,,Will Zundel83,TE,"6' 5""",240 lbs,SO,6,0.72,6,0.72,18,2.16,0,0.0,18,2.16,5.76
BYU Cougars,,Brigham Alexander66,OL,"6' 5""",320 lbs,FR,12,1.44,18,2.16,12,1.44,0,0.0,0,0.0,5.04
BYU Cougars,,Jake Alexander54,OL,"6' 6""",270 lbs,FR,2,0.24,6,0.72,0,0.0,12,1.44,2,0.24,2.6399999999999997
BYU Cougars,,Joe Brown72,OL,"6' 4""",310 lbs,SO,0,0.0,6,0.72,0,0.0,0,0.0,2,0.24,0.96
BYU Cougars,,Paki Finau58,OL,"6' 5""",310 lbs,SO,12,1.44,6,0.72,0,0.0,0,0.0,2,0.24,2.4000000000000004
BYU Cougars,,Andrew Gentry75,OL,"6' 8""",310 lbs,SR,2,0.24,0,0.0,2,0.24,0,0.0,2,0.24,0.72
BYU Cougars,,Siosiua Latu-Finau59,OL,"6' 5""",310 lbs,FR,2,0.24,6,0.72,2,0.24,2,0.24,2,0.24,1.68
BYU Cougars,,Jeff Lewis76,OL,"6' 6""",295 lbs,FR,12,1.44,0,0.0,2,0.24,2,0.24,12,1.44,3.36
BYU Cougars,,Sonny Makasini51,OL,"6' 4""",315 lbs,SR,2,0.24,18,2.16,0,0.0,2,0.24,6,0.72,3.3600000000000003
BYU Cougars,,Strantz Mangisi53,OL,"6' 4""",300 lbs,FR,12,1.44,18,2.16,0,0.0,12,1.44,2,0.24,5.28
BYU Cougars,,Caden McKee73,OL,"6' 6""",275 lbs,FR,0,0.0,0,0.0,2,0.24,0,0.0,0,0.0,0.24
BYU Cougars,,Bruce Mitchell63,OL,"6' 4""",305 lbs,SR,18,2.16,0,0.0,2,0.24,12,1.44,0,0.0,3.8400000000000003
BYU Cougars,,Bott Mulitalo52,OL,"6' 5""",310 lbs,FR,2,0.24,0,0.0,18,2.16,2,0.24,0,0.0,2.6400000000000006
BYU Cougars,,Trevin Ostler74,OL,"6' 4""",320 lbs,SR,12,1.44,2,0.24,2,0.24,0,0.0,0,0.0,1.92
BYU Cougars,,Trevor Pay67,OL,"6' 3""",295 lbs,SO,6,0.72,12,1.44,0,0.0,0,0.0,6,0.72,2.88
BYU Cougars,,Talitu'i Pututau57,OL,"6' 5""",270 lbs,FR,0,0.0,0,0.0,0,0.0,12,1.44,6,0.72,2.16
BYU Cougars,,Kyle Sfarcioc64,OL,"6' 4""",305 lbs,SR,0,0.0,6,0.72,0,0.0,6,0.72,0,0.0,1.44
BYU Cougars,,Jr Sia62,OL,"6' 5""",330 lbs,SO,0,0.0,18,2.16,18,2.16,6,0.72,0,0.0,5.04
BYU Cougars,,Ethan Thomason78,OL,"6' 8""",315 lbs,FR,0,0.0,0,0.0,2,0.24,0,0.0,18,2.16,2.4000000000000004
BYU Cougars,,Zak Yamauchi56,OL,"6' 4""",315 lbs,SO,2,0.24,2,0.24,2,0.24,24,2.88,18,2.16,5.76
BYU Cougars,,Tausili Akana13,DE,"6' 3""",235 lbs,JR,12,1.44,2,0.24,6,0.72,24,2.88,6,0.72,5.999999999999999
BYU Cougars,,Siosefa Brown59,DE,"6' 4""",240 lbs,FR,0,0.0,18,2.16,2,0.24,12,1.44,2,0.24,4.08
BYU Cougars,,Hunter Clegg90,DE,"6' 4""",250 lbs,SO,2,0.24,2,0.24,6,0.72,2,0.24,6,0.72,2.16
BYU Cougars,,Kinilau Fonohema97,DE,"6' 5""",250 lbs,SO,0,0.0,12,1.44,0,0.0,2,0.24,0,0.0,1.68
BYU Cougars,,Orion Maile-Kaufusi10,DE,"6' 3""",242 lbs,SO,0,0.0,2,0.24,2,0.24,12,1.44,12,1.44,3.36
BYU Cougars,,Adney Reid42,DE,"6' 5""",238 lbs,FR,24,2.88,12,1.44,0,0.0,2,0.24,6,0.72,5.28
BYU Cougars,,Bodie Schoonover48,DE,"6' 3""",275 lbs,SR,6,0.72,0,0.0,2,0.24,2,0.24,6,0.72,1.92
BYU Cougars,,Nusi Taumoepeau5,DE,"6' 3""",242 lbs,SO,24,2.88,18,2.16,2,0.24,18,2.16,6,0.72,8.16
BYU Cougars,,Vincent Tautua52,DE,"6' 3""",250 lbs,FR,24,2.88,2,0.24,0,0.0,18,2.16,0,0.0,5.28
BYU Cougars,,Devoux Tuataga98,DE,"6' 6""",265 lbs,FR,12,1.44,2,0.24,24,2.88,2,0.24,2,0.24,5.04
BYU Cougars,,Kendal Wall46,DE,"6' 5""",240 lbs,FR,2,0.24,12,1.44,6,0.72,0,0.0,12,1.44,3.84
BYU Cougars,,Ulavai Fetuli99,DT,"6' 4""",285 lbs,FR,0,0.0,6,0.72,2,0.24,2,0.24,0,0.0,1.2
BYU Cougars,,Justin Kirkland96,DT,"6' 3""",310 lbs,SR,0,0.0,0,0.0,6,0.72,0,0.0,2,0.24,0.96
BYU Cougars,,Nehemiah Kolone41,DT,"6' 4""",265 lbs,FR,6,0.72,0,0.0,2,0.24,0,0.0,18,2.16,3.12
BYU Cougars,,Kelepi Latu-Finau93,DT,"6' 5""",290 lbs,FR,12,1.44,0,0.0,6,0.72,0,0.0,6,0.72,2.88
BYU Cougars,,Maverick McManus50,DT,"6' 5""",272 lbs,FR,2,0.24,12,1.44,18,2.16,0,0.0,2,0.24,4.08
BYU Cougars,,Viliami Po'uha45,DT,"6' 3""",278 lbs,JR,0,0.0,12,1.44,6,0.72,6,0.72,2,0.24,3.12
BYU Cougars,,Anisi Purcell94,DT,"6' 3""",305 lbs,SR,2,0.24,2,0.24,0,0.0,0,0.0,2,0.24,0.72
BYU Cougars,,David Tangilanu58,DT,"6' 5""",280 lbs,FR,6,0.72,0,0.0,0,0.0,12,1.44,6,0.72,2.88
BYU Cougars,,Keanu Tanuvasa57,DT,"6' 4""",300 lbs,SR,0,0.0,0,0.0,0,0.0,0,0.0,0,0.0,0.0
BYU Cougars,,Owen Borg43,LB,"6' 2""",225 lbs,FR,0,0.0,2,0.24,2,0.24,2,0.24,18,2.16,2.88
BYU Cougars,,Jake Clifton31,LB,"6' 2""",230 lbs,JR,18,2.16,6,0.72,6,0.72,6,0.72,6,0.72,5.039999999999999
BYU Cougars,,Siale Esera54,LB,"6' 3""",250 lbs,JR,2,0.24,6,0.72,0,0.0,0,0.0,2,0.24,1.2
BYU Cougars,,Isaiah Glasker16,LB,"6' 5""",240 lbs,SR,18,2.16,2,0.24,6,0.72,6,0.72,2,0.24,4.08
BYU Cougars,,Miles Hall21,LB,"6' 1""",230 lbs,JR,6,0.72,2,0.24,6,0.72,6,0.72,12,1.44,3.84
BYU Cougars,,Ace Kaufusi18,LB,"6' 4""",235 lbs,JR,2,0.24,2,0.24,0,0.0,18,2.16,2,0.24,2.88
BYU Cougars,,Maika Kaufusi33,LB,"6' 3""",235 lbs,JR,6,0.72,2,0.24,2,0.24,18,2.16,6,0.72,4.08
BYU Cougars,,Braxton Lindsey30,LB,"6' 3""",240 lbs,FR,6,0.72,2,0.24,2,0.24,0,0.0,12,1.44,2.6399999999999997
BYU Cougars,,Blake Lowe55,LB,"6' 3""",225 lbs,FR,2,0.24,24,2.88,2,0.24,2,0.24,0,0.0,3.6000000000000005
BYU Cougars,,Gage Tanner51,LB,"6' 1""",225 lbs,FR,0,0.0,2,0.24,12,1.44,0,0.0,18,2.16,3.84
BYU Cougars,,Daniel Taumoepeau34,LB,"6' 0""",225 lbs,JR,6,0.72,12,1.44,6,0.72,0,0.0,6,0.72,3.5999999999999996
BYU Cougars,,Cade Uluave4,LB,"6' 1""",230 lbs,SR,6,0.72,18,2.16,0,0.0,0,0.0,6,0.72,3.5999999999999996
BYU Cougars,,Pierson Watson23,LB,"6' 3""",230 lbs,FR,18,2.16,2,0.24,18,2.16,2,0.24,12,1.44,6.24
BYU Cougars,,Therrian Alexander III1,CB,"6' 2""",175 lbs,JR,6,0.72,0,0.0,12,1.44,2,0.24,0,0.0,2.4000000000000004
BYU Cougars,,Justice Brathwaite29,CB,"6' 1""",175 lbs,FR,6,0.72,0,0.0,2,0.24,2,0.24,0,0.0,1.2
BYU Cougars,,Jordyn Criss26,CB,"6' 2""",175 lbs,FR,6,0.72,0,0.0,0,0.0,24,2.88,12,1.44,5.039999999999999
BYU Cougars,,Cannon DeVries32,CB,"6' 0""",184 lbs,SO,0,0.0,2,0.24,2,0.24,2,0.24,0,0.0,0.72
BYU Cougars,,Kevin Doe20,CB,"6' 3""",206 lbs,JR,6,0.72,0,0.0,0,0.0,2,0.24,12,1.44,2.4
BYU Cougars,,Evan Johnson0,CB,"6' 0""",185 lbs,SR,0,0.0,2,0.24,6,0.72,6,0.72,6,0.72,2.4
BYU Cougars,,Jonathan Kabeya2,CB,"5' 10""",180 lbs,SO,12,1.44,12,1.44,24,2.88,12,1.44,24,2.88,10.079999999999998
BYU Cougars,,Seth Shigg39,CB,"5' 10""",182 lbs,FR,2,0.24,6,0.72,12,1.44,6,0.72,0,0.0,3.12
BYU Cougars,,Jayven Williams15,CB,"6' 2""",175 lbs,SR,18,2.16,0,0.0,0,0.0,0,0.0,6,0.72,2.88
BYU Cougars,,Crew Clark28,S,"6' 1""",195 lbs,FR,0,0.0,12,1.44,18,2.16,6,0.72,0,0.0,4.32
BYU Cougars,,Raider Damuni3,S,"6' 1""",210 lbs,SR,2,0.24,2,0.24,0,0.0,0,0.0,2,0.24,0.72
BYU Cougars,,Joseph Douglas37,S,"6' 2""",210 lbs,SO,12,1.44,2,0.24,6,0.72,6,0.72,2,0.24,3.3600000000000003
BYU Cougars,,TJ Johnson36,S,"6' 3""",175 lbs,FR,2,0.24,0,0.0,0,0.0,6,0.72,6,0.72,1.68
BYU Cougars,,TJ Johnson36,S,"6' 3""",175 lbs,FR,2,0.24,2,0.24,2,0.24,2,0.24,12,1.44,2.4
BYU Cougars,,Jarinn Kalama17,S,"6' 3""",210 lbs,SO,6,0.72,12,1.44,0,0.0,2,0.24,2,0.24,2.6400000000000006
BYU Cougars,,Matthias Leach27,S,"6' 3""",184 lbs,SO,12,1.44,6,0.72,6,0.72,6,0.72,0,0.0,3.5999999999999996
BYU Cougars,,Matthew Mason35,S,"6' 3""",195 lbs,FR,12,1.44,24,2.88,6,0.72,2,0.24,0,0.0,5.28
BYU Cougars,,Tommy Prassas22,S,"6' 2""",200 lbs,SO,0,0.0,0,0.0,6,0.72,12,1.44,6,0.72,2.88
BYU Cougars,,Kennan Pula7,S,"6' 3""",200 lbs,FR,0,0.0,0,0.0,12,1.44,2,0.24,2,0.24,1.92
BYU Cougars,,Lance Reynolds25,S,"6' 2""",190 lbs,FR,2,0.24,24,2.88,2,0.24,6,0.72,6,0.72,4.8
BYU Cougars,,Faletau Satuala11,S,"6' 4""",215 lbs,JR,6,0.72,6,0.72,0,0.0,2,0.24,2,0.24,1.92
BYU Cougars,,Payton VanSteenkiste24,S,"6' 0""",195 lbs,SO,0,0.0,0,0.0,6,0.72,0,0.0,0,0.0,0.72
BYU Cougars,,Matthias Dunn97,PK,"6' 0""",205 lbs,SR,12,1.44,2,0.24,0,0.0,0,0.0,0,0.0,1.68
BYU Cougars,,Brody Laga99,PK,"5' 11""",170 lbs,FR,24,2.88,6,0.72,0,0.0,0,0.0,12,1.44,5.039999999999999
BYU Cougars,,Cole Shulman36,P,"6' 0""",175 lbs,FR,6,0.72,6,0.72,6,0.72,0,0.0,2,0.24,2.4000000000000004
BYU Cougars,,Fuller Shurtz19,P,"5' 11""",185 lbs,JR,2,0.24,2,0.24,6,0.72,0,0.0,0,0.0,1.2
BYU Cougars,,Berkley Alfrey47,LS,"6' 0""",225 lbs,FR,6,0.72,6,0.72,0,0.0,6,0.72,6,0.72,2.88
BYU Cougars,,Rayden Heintz49,LS,"6' 0""",212 lbs,SO,2,0.24,12,1.44,6,0.72,2,0.24,0,0.0,2.6399999999999997
BYU Cougars,,Ty Smith88,LS,"6' 0""",205 lbs,SO,2,0.24,2,0.24,6,0.72,6,0.72,2,0.24,2.16
