Dorsal,Nombre,Posición,Estatura,Peso,Clase,Jornada_1_Puntos,Jornada_1_Dividendo_$,Jornada_2_Puntos,Jornada_2_Dividendo_$,Jornada_3_Puntos,Jornada_3_Dividendo_$,Jornada_4_Puntos,Jornada_4_Dividendo_$,Jornada_5_Puntos,Jornada_5_Dividendo_$,Dividendos_Acumulados_$
,Tradon Bessinger4,QB,"6' 5""",213 lbs,FR,0,0.0,0,0.0,0,0.0,0,0.0,12,1.2,1.2
,Hank Brown9,QB,"6' 4""",218 lbs,SR,18,1.8,18,1.8,0,0.0,0,0.0,18,1.8,5.4
,Ryan Fitzgerald16,QB,"6' 2""",221 lbs,SO,5,0.5,12,1.2,0,0.0,0,0.0,25,2.5,4.2
,Jeremy Hecklinski10,QB,"5' 11""",201 lbs,JR,2,0.2,5,0.5,0,0.0,12,1.2,5,0.5,2.4
,Jimmy Sullivan3,QB,"6' 1""",205 lbs,SO,0,0.0,12,1.2,25,2.5,5,0.5,0,0.0,4.2
,O'Lontae Dean15,RB,"6' 0""",212 lbs,SO,0,0.0,12,1.2,0,0.0,2,0.2,0,0.0,1.4
,Brevin Doll23,RB,"6' 0""",213 lbs,JR,0,0.0,0,0.0,12,1.2,0,0.0,5,0.5,1.7
,Braeden Jackson22,RB,"5' 11""",206 lbs,SO,12,1.2,12,1.2,5,0.5,2,0.2,2,0.2,3.3000000000000003
,Nathan McNeil5,RB,"5' 11""",202 lbs,SO,5,0.5,2,0.2,5,0.5,2,0.2,2,0.2,1.5999999999999999
,Kamari Moulton28,RB,"5' 9""",211 lbs,SR,5,0.5,12,1.2,2,0.2,0,0.0,18,1.8,3.7
,L.J. Phillips Jr.21,RB,"5' 8""",211 lbs,SR,0,0.0,12,1.2,2,0.2,2,0.2,0,0.0,1.5999999999999999
,Xavier Williams26,RB,"5' 10""",228 lbs,JR,25,2.5,0,0.0,2,0.2,0,0.0,2,0.2,2.9000000000000004
,Lance Beeghley88,WR,"6' 2""",197 lbs,JR,12,1.2,0,0.0,0,0.0,5,0.5,0,0.0,1.7
,Jarriett Buie0,WR,"6' 2""",198 lbs,JR,0,0.0,0,0.0,5,0.5,5,0.5,2,0.2,1.2
,Tony Diaz14,WR,"5' 10""",184 lbs,JR,0,0.0,2,0.2,0,0.0,0,0.0,0,0.0,0.2
,Alex Eichmann17,WR,"6' 2""",210 lbs,SR,0,0.0,12,1.2,0,0.0,0,0.0,0,0.0,1.2
,Dayton Howard7,WR,"6' 5""",215 lbs,SR,0,0.0,12,1.2,5,0.5,5,0.5,0,0.0,2.2
,Evan James8,WR,"5' 10""",170 lbs,SO,2,0.2,0,0.0,0,0.0,2,0.2,5,0.5,0.9
,Jackson Naeve83,WR,"6' 0""",195 lbs,JR,2,0.2,2,0.2,18,1.8,12,1.2,5,0.5,3.9000000000000004
,Isaiah Oliver89,WR,"5' 11""",199 lbs,FR,0,0.0,2,0.2,18,1.8,5,0.5,2,0.2,2.7
,KJ Parker1,WR,"5' 10""",191 lbs,JR,5,0.5,0,0.0,18,1.8,0,0.0,25,2.5,4.8
,Apollo Payne84,WR,"6' 3""",214 lbs,SO,0,0.0,0,0.0,0,0.0,0,0.0,0,0.0,0.0
,Brody Schaffer11,WR,"6' 1""",195 lbs,FR,0,0.0,0,0.0,0,0.0,5,0.5,0,0.0,0.5
,Diondre Smith12,WR,"5' 10""",160 lbs,FR,0,0.0,18,1.8,18,1.8,0,0.0,12,1.2,4.8
,Xavier Stinson6,WR,"6' 2""",202 lbs,FR,2,0.2,0,0.0,2,0.2,2,0.2,0,0.0,0.6000000000000001
,Reece Vander Zee2,WR,"6' 4""",220 lbs,JR,5,0.5,2,0.2,25,2.5,18,1.8,25,2.5,7.5
,Luke Brewer18,TE,"6' 4""",239 lbs,FR,0,0.0,5,0.5,25,2.5,2,0.2,0,0.0,3.2
,Michael Burt80,TE,"6' 5""",252 lbs,JR,2,0.2,0,0.0,12,1.2,0,0.0,25,2.5,3.9
,Eli Johnson86,TE,"6' 5""",250 lbs,SO,2,0.2,25,2.5,0,0.0,5,0.5,0,0.0,3.2
,Thomas Meyer85,TE,"6' 4""",248 lbs,SO,0,0.0,25,2.5,0,0.0,2,0.2,12,1.2,3.9000000000000004
,Zach Ortwerth48,TE,"6' 4""",247 lbs,SR,5,0.5,0,0.0,12,1.2,2,0.2,2,0.2,2.1
,Addison Ostrenga87,TE,"6' 4""",249 lbs,SR,0,0.0,2,0.2,0,0.0,18,1.8,25,2.5,4.5
,Dylan Stecker82,TE,"6' 4""",233 lbs,SO,0,0.0,0,0.0,0,0.0,0,0.0,0,0.0,0.0
,DJ Vonnahme81,TE,"6' 4""",241 lbs,JR,18,1.8,0,0.0,2,0.2,25,2.5,2,0.2,4.7
,Mason Woods19,TE,"6' 2""",230 lbs,SO,25,2.5,0,0.0,18,1.8,18,1.8,25,2.5,8.6
,Lucas Allgeyer60,OL,"6' 5""",297 lbs,SO,12,1.2,5,0.5,5,0.5,0,0.0,2,0.2,2.4000000000000004
,Jack Dotzler71,OL,"6' 6""",309 lbs,SR,0,0.0,2,0.2,2,0.2,0,0.0,5,0.5,0.9
,Will Hahn52,OL,"6' 1""",294 lbs,SO,0,0.0,0,0.0,0,0.0,0,0.0,5,0.5,0.5
,Josh Janowski63,OL,"6' 2""",294 lbs,JR,5,0.5,0,0.0,5,0.5,0,0.0,2,0.2,1.2
,Leighton Jones64,OL,"6' 2""",288 lbs,SR,2,0.2,18,1.8,25,2.5,0,0.0,5,0.5,5.0
,Trevor Lauck59,OL,"6' 5""",314 lbs,SR,0,0.0,0,0.0,0,0.0,5,0.5,2,0.2,0.7
,Cannon Leonard75,OL,"6' 8""",309 lbs,SR,2,0.2,0,0.0,2,0.2,0,0.0,18,1.8,2.2
,Owen Linder72,OL,"6' 6""",294 lbs,FR,0,0.0,2,0.2,12,1.2,0,0.0,0,0.0,1.4
,Bodey McCaslin74,OL,"6' 6""",303 lbs,JR,18,1.8,25,2.5,5,0.5,12,1.2,0,0.0,6.0
,Michael Myslinski53,OL,"6' 2""",299 lbs,SR,0,0.0,0,0.0,5,0.5,0,0.0,18,1.8,2.3
,George Nahas77,OL,"6' 3""",295 lbs,SR,5,0.5,5,0.5,5,0.5,12,1.2,12,1.2,3.9000000000000004
,Carson Nielsen79,OL,"6' 7""",311 lbs,FR,0,0.0,5,0.5,0,0.0,0,0.0,2,0.2,0.7
,Will Nolan68,OL,"6' 6""",313 lbs,JR,2,0.2,0,0.0,0,0.0,0,0.0,5,0.5,0.7
,Hudson Parliament70,OL,"6' 4""",313 lbs,FR,2,0.2,5,0.5,12,1.2,5,0.5,0,0.0,2.4
,Kade Pieper58,OL,"6' 3""",298 lbs,SR,0,0.0,0,0.0,12,1.2,5,0.5,0,0.0,1.7
,Gene Riordan78,OL,"6' 5""",302 lbs,FR,25,2.5,5,0.5,12,1.2,12,1.2,2,0.2,5.6000000000000005
,Colin Whitters73,OL,"6' 3""",329 lbs,FR,5,0.5,5,0.5,18,1.8,5,0.5,0,0.0,3.3
,Trent Wilson65,OL,"6' 3""",290 lbs,SO,18,1.8,2,0.2,2,0.2,12,1.2,2,0.2,3.6000000000000005
,Cael Winter61,OL,"6' 3""",294 lbs,SR,12,1.2,0,0.0,2,0.2,0,0.0,0,0.0,1.4
,Maddux Borcherding-Johnson56,DL,"6' 3""",299 lbs,SR,2,0.2,12,1.2,5,0.5,0,0.0,25,2.5,4.4
,Kahmari Brown43,DL,"6' 2""",259 lbs,JR,18,1.8,0,0.0,5,0.5,5,0.5,25,2.5,5.3
,Iose Epenesa97,DL,"6' 3""",269 lbs,SO,0,0.0,0,0.0,5,0.5,12,1.2,5,0.5,2.2
,David Fason42,DL,"6' 0""",268 lbs,FR,0,0.0,0,0.0,5,0.5,25,2.5,2,0.2,3.2
,Brad Fitzgibbon99,DL,"6' 3""",288 lbs,SO,0,0.0,2,0.2,12,1.2,2,0.2,0,0.0,1.5999999999999999
,Luke Gaffney51,DL,"6' 2""",288 lbs,SR,0,0.0,5,0.5,0,0.0,0,0.0,12,1.2,1.7
,Bryce Hawthorne96,DL,"6' 3""",298 lbs,SR,0,0.0,0,0.0,0,0.0,5,0.5,5,0.5,1.0
,Will Hubert57,DL,"6' 3""",291 lbs,SR,0,0.0,2,0.2,0,0.0,0,0.0,0,0.0,0.2
,Lance Ingold95,DL,"6' 5""",251 lbs,JR,12,1.2,0,0.0,2,0.2,18,1.8,18,1.8,5.0
,Jack Janda45,DL,"6' 5""",272 lbs,FR,0,0.0,5,0.5,0,0.0,12,1.2,12,1.2,2.9
,Sawyer Jezierski32,DL,"6' 3""",285 lbs,FR,0,0.0,0,0.0,2,0.2,2,0.2,18,1.8,2.2
,Devan Kennedy91,DL,"6' 3""",281 lbs,JR,2,0.2,5,0.5,2,0.2,5,0.5,5,0.5,1.9
,Will Lockhart50,DL,"6' 3""",250 lbs,SO,0,0.0,0,0.0,0,0.0,5,0.5,5,0.5,1.0
,Kenneth Merrieweather44,DL,"6' 3""",270 lbs,SR,12,1.2,18,1.8,2,0.2,0,0.0,2,0.2,3.4000000000000004
,Emmanuel Olagbaju88,DL,"6' 2""",314 lbs,SR,0,0.0,0,0.0,0,0.0,18,1.8,18,1.8,3.6
,Brice Stevenson92,DL,"6' 0""",287 lbs,SR,25,2.5,0,0.0,0,0.0,2,0.2,12,1.2,3.9000000000000004
,Joseph Anderson84,DE,"6' 6""",241 lbs,JR,5,0.5,0,0.0,12,1.2,12,1.2,0,0.0,2.9
,Drew Campbell13,DE,"6' 4""",252 lbs,JR,0,0.0,18,1.8,0,0.0,0,0.0,0,0.0,1.8
,Chima Chineke40,DE,"6' 4""",262 lbs,JR,0,0.0,12,1.2,0,0.0,12,1.2,0,0.0,2.4
,Brayton Alford37,LB,"6' 0""",211 lbs,FR,12,1.2,0,0.0,2,0.2,0,0.0,12,1.2,2.5999999999999996
,Cam Buffington33,LB,"6' 3""",238 lbs,JR,5,0.5,5,0.5,5,0.5,0,0.0,25,2.5,4.0
,Carson Cooney15,LB,"6' 3""",222 lbs,SO,5,0.5,12,1.2,0,0.0,18,1.8,0,0.0,3.5
,Nolan DeLong31,LB,"6' 0""",231 lbs,SR,5,0.5,2,0.2,5,0.5,0,0.0,2,0.2,1.4
,Burke Gautcher10,LB,"6' 3""",231 lbs,SO,0,0.0,2,0.2,0,0.0,0,0.0,0,0.0,0.2
,Jack Laughlin47,LB,"6' 1""",224 lbs,SR,0,0.0,0,0.0,0,0.0,18,1.8,25,2.5,4.3
,Julian Manson4,LB,"6' 3""",225 lbs,FR,0,0.0,0,0.0,2,0.2,18,1.8,12,1.2,3.2
,Jayden Montgomery36,LB,"5' 11""",227 lbs,SR,12,1.2,12,1.2,2,0.2,2,0.2,12,1.2,4.0
,Preston Ries46,LB,"6' 1""",226 lbs,JR,5,0.5,18,1.8,5,0.5,5,0.5,2,0.2,3.5
,Kasen Thomas9,LB,"6' 2""",230 lbs,FR,0,0.0,5,0.5,5,0.5,2,0.2,2,0.2,1.4
,Landyn Van Kekerix23,LB,"6' 2""",238 lbs,SR,0,0.0,0,0.0,25,2.5,0,0.0,0,0.0,2.5
,Derek Weisskopf22,LB,"6' 3""",233 lbs,JR,0,0.0,0,0.0,2,0.2,0,0.0,0,0.0,0.2
,Billy Weivoda12,LB,"6' 2""",226 lbs,FR,0,0.0,5,0.5,0,0.0,5,0.5,12,1.2,2.2
,Tyler Brown2,DB,"5' 10""",201 lbs,JR,5,0.5,12,1.2,5,0.5,5,0.5,12,1.2,3.9000000000000004
,Noah Daniel29,DB,"6' 0""",197 lbs,FR,5,0.5,12,1.2,0,0.0,5,0.5,25,2.5,4.7
,Kyler Gerardy19,DB,"6' 0""",199 lbs,JR,12,1.2,5,0.5,2,0.2,5,0.5,25,2.5,4.9
,Rashad Godfrey Jr.7,DB,"6' 1""",202 lbs,JR,2,0.2,5,0.5,0,0.0,0,0.0,2,0.2,0.8999999999999999
,Cody Haddad0,DB,"5' 11""",186 lbs,SO,0,0.0,0,0.0,0,0.0,2,0.2,5,0.5,0.7
,Anthony Hawkins5,DB,"6' 3""",202 lbs,JR,5,0.5,0,0.0,25,2.5,0,0.0,18,1.8,4.8
,Ronnie Hill16,DB,"5' 11""",192 lbs,FR,5,0.5,12,1.2,12,1.2,2,0.2,12,1.2,4.3
,Ty Hudkins20,DB,"6' 0""",201 lbs,JR,2,0.2,5,0.5,5,0.5,2,0.2,0,0.0,1.4
,Darion Jones1,DB,"6' 1""",181 lbs,FR,5,0.5,0,0.0,2,0.2,12,1.2,2,0.2,2.1
,Eli Kampman30,DB,"6' 2""",197 lbs,FR,2,0.2,0,0.0,0,0.0,0,0.0,0,0.0,0.2
,Deshaun Lee8,DB,"5' 10""",189 lbs,SR,2,0.2,5,0.5,0,0.0,0,0.0,18,1.8,2.5
,Zach Lutmer6,DB,"6' 1""",203 lbs,SR,2,0.2,0,0.0,0,0.0,0,0.0,5,0.5,0.7
,Drew MacPherson34,DB,"6' 1""",204 lbs,SO,0,0.0,0,0.0,2,0.2,5,0.5,0,0.0,0.7
,Alex Mota14,DB,"6' 0""",195 lbs,SR,0,0.0,2,0.2,5,0.5,5,0.5,5,0.5,1.7
,Eli Robbins26,DB,"6' 0""",193 lbs,FR,0,0.0,5,0.5,5,0.5,0,0.0,5,0.5,1.5
,Xavier Styles18,DB,"6' 1""",207 lbs,JR,5,0.5,5,0.5,0,0.0,0,0.0,0,0.0,1.0
,Marcello Vitti21,DB,"5' 10""",201 lbs,FR,0,0.0,0,0.0,18,1.8,5,0.5,0,0.0,2.3
,Jacob Wallace11,DB,"5' 10""",186 lbs,SO,2,0.2,5,0.5,5,0.5,0,0.0,5,0.5,1.7
,Jaylen Watson3,DB,"5' 11""",187 lbs,JR,18,1.8,0,0.0,2,0.2,12,1.2,2,0.2,3.4000000000000004
,Caden Buhr92,PK,"5' 10""",203 lbs,SO,0,0.0,0,0.0,5,0.5,5,0.5,5,0.5,1.5
,Eli Ozick25,PK,"5' 11""",199 lbs,SR,2,0.2,5,0.5,2,0.2,0,0.0,2,0.2,1.0999999999999999
,Boston Everitt49,P,"6' 0""",199 lbs,SO,5,0.5,5,0.5,0,0.0,0,0.0,12,1.2,2.2
,Tanner Philpott35,P,"6' 1""",210 lbs,JR,0,0.0,12,1.2,0,0.0,25,2.5,2,0.2,3.9000000000000004
,Matty McLaughlin54,LS,"6' 1""",195 lbs,FR,0,0.0,5,0.5,5,0.5,0,0.0,2,0.2,1.2
,Ike Speltz69,LS,"6' 0""",233 lbs,JR,0,0.0,2,0.2,0,0.0,0,0.0,12,1.2,1.4
